VehicleId,DepotId,InitialLoad,RouteSequence,ClientsServed,DemandsSatisfied,TotalDistance,TotalTime,FuelCost
VEH1,CD9,5,CD9-C5-CD9,1,5,17.54,0,53183.03399999999
VEH2,CD9,37,CD9-C8-C7-C9-CD7,3,10-12-15,30.46,0,92357.766
VEH3,CD5,18,CD5-C4-C1-CD5,2,6-12,22.73,0,68919.633
VEH4,CD9,15,CD9-C3-CD9,1,15,2.5599999999999996,0,7762.175999999999
VEH5,CD11,11,CD11-C6-CD6,1,11,15.07,0,45693.747
VEH6,CD5,15,CD5-C2-CD5,1,15,5.550000000000001,0,16828.155000000002
